month,total.name-bot,total.anonymous,total.group-bot,total.user,timeRange.start,timeRange.end
2001-01-01T00:00:00.000Z,0,74,0,316,2001-01-01T00:00:00.000Z,2001-02-01T00:00:00.000Z
2001-02-01T00:00:00.000Z,0,133,0,690,2001-02-01T00:00:00.000Z,2001-03-01T00:00:00.000Z
2001-03-01T00:00:00.000Z,0,357,0,1144,2001-03-01T00:00:00.000Z,2001-04-01T00:00:00.000Z
2001-04-01T00:00:00.000Z,0,188,0,873,2001-04-01T00:00:00.000Z,2001-05-01T00:00:00.000Z
2001-05-01T00:00:00.000Z,0,293,0,1880,2001-05-01T00:00:00.000Z,2001-06-01T00:00:00.000Z
2001-06-01T00:00:00.000Z,0,351,0,868,2001-06-01T00:00:00.000Z,2001-07-01T00:00:00.000Z
2001-07-01T00:00:00.000Z,0,736,0,1439,2001-07-01T00:00:00.000Z,2001-08-01T00:00:00.000Z
2001-08-01T00:00:00.000Z,0,1008,0,2221,2001-08-01T00:00:00.000Z,2001-09-01T00:00:00.000Z
2001-09-01T00:00:00.000Z,0,1753,0,3951,2001-09-01T00:00:00.000Z,2001-10-01T00:00:00.000Z
2001-10-01T00:00:00.000Z,0,2856,0,6742,2001-10-01T00:00:00.000Z,2001-11-01T00:00:00.000Z
2001-11-01T00:00:00.000Z,0,3861,0,9632,2001-11-01T00:00:00.000Z,2001-12-01T00:00:00.000Z
2001-12-01T00:00:00.000Z,8,6417,0,12472,2001-12-01T00:00:00.000Z,2002-01-01T00:00:00.000Z
2002-01-01T00:00:00.000Z,13,4765,0,8737,2002-01-01T00:00:00.000Z,2002-02-01T00:00:00.000Z
2002-02-01T00:00:00.000Z,0,7610,0,38691,2002-02-01T00:00:00.000Z,2002-03-01T00:00:00.000Z
2002-03-01T00:00:00.000Z,0,6165,0,13294,2002-03-01T00:00:00.000Z,2002-04-01T00:00:00.000Z
2002-04-01T00:00:00.000Z,0,4896,0,11372,2002-04-01T00:00:00.000Z,2002-05-01T00:00:00.000Z
2002-05-01T00:00:00.000Z,0,6440,0,10503,2002-05-01T00:00:00.000Z,2002-06-01T00:00:00.000Z
2002-06-01T00:00:00.000Z,0,7252,0,17913,2002-06-01T00:00:00.000Z,2002-07-01T00:00:00.000Z
2002-07-01T00:00:00.000Z,0,8180,0,20389,2002-07-01T00:00:00.000Z,2002-08-01T00:00:00.000Z
2002-08-01T00:00:00.000Z,24,13387,0,37190,2002-08-01T00:00:00.000Z,2002-09-01T00:00:00.000Z
2002-09-01T00:00:00.000Z,0,14808,0,57074,2002-09-01T00:00:00.000Z,2002-10-01T00:00:00.000Z
2002-10-01T00:00:00.000Z,0,16026,0,79633,2002-10-01T00:00:00.000Z,2002-11-01T00:00:00.000Z
2002-11-01T00:00:00.000Z,19,14662,0,37042,2002-11-01T00:00:00.000Z,2002-12-01T00:00:00.000Z
2002-12-01T00:00:00.000Z,32279,15935,0,38402,2002-12-01T00:00:00.000Z,2003-01-01T00:00:00.000Z
2003-01-01T00:00:00.000Z,0,18915,0,55215,2003-01-01T00:00:00.000Z,2003-02-01T00:00:00.000Z
2003-02-01T00:00:00.000Z,0,13235,0,50554,2003-02-01T00:00:00.000Z,2003-03-01T00:00:00.000Z
2003-03-01T00:00:00.000Z,0,16306,0,54537,2003-03-01T00:00:00.000Z,2003-04-01T00:00:00.000Z
2003-04-01T00:00:00.000Z,0,17274,0,55951,2003-04-01T00:00:00.000Z,2003-05-01T00:00:00.000Z
2003-05-01T00:00:00.000Z,44,17442,0,73571,2003-05-01T00:00:00.000Z,2003-06-01T00:00:00.000Z
2003-06-01T00:00:00.000Z,6030,18576,0,70431,2003-06-01T00:00:00.000Z,2003-07-01T00:00:00.000Z
2003-07-01T00:00:00.000Z,10315,23825,0,73706,2003-07-01T00:00:00.000Z,2003-08-01T00:00:00.000Z
2003-08-01T00:00:00.000Z,58,30635,0,93952,2003-08-01T00:00:00.000Z,2003-09-01T00:00:00.000Z
2003-09-01T00:00:00.000Z,646,28542,0,84299,2003-09-01T00:00:00.000Z,2003-10-01T00:00:00.000Z
2003-10-01T00:00:00.000Z,1897,29461,0,90754,2003-10-01T00:00:00.000Z,2003-11-01T00:00:00.000Z
2003-11-01T00:00:00.000Z,110,30807,0,128476,2003-11-01T00:00:00.000Z,2003-12-01T00:00:00.000Z
2003-12-01T00:00:00.000Z,6142,33468,0,138422,2003-12-01T00:00:00.000Z,2004-01-01T00:00:00.000Z
2004-01-01T00:00:00.000Z,2023,34333,0,136441,2004-01-01T00:00:00.000Z,2004-02-01T00:00:00.000Z
2004-02-01T00:00:00.000Z,1992,50819,0,185977,2004-02-01T00:00:00.000Z,2004-03-01T00:00:00.000Z
2004-03-01T00:00:00.000Z,3232,71904,0,265618,2004-03-01T00:00:00.000Z,2004-04-01T00:00:00.000Z
2004-04-01T00:00:00.000Z,748,66359,0,247463,2004-04-01T00:00:00.000Z,2004-05-01T00:00:00.000Z
2004-05-01T00:00:00.000Z,1423,70977,0,256891,2004-05-01T00:00:00.000Z,2004-06-01T00:00:00.000Z
2004-06-01T00:00:00.000Z,68,77372,0,373987,2004-06-01T00:00:00.000Z,2004-07-01T00:00:00.000Z
2004-07-01T00:00:00.000Z,29687,90130,21428,342098,2004-07-01T00:00:00.000Z,2004-08-01T00:00:00.000Z
2004-08-01T00:00:00.000Z,29572,91486,2371,378464,2004-08-01T00:00:00.000Z,2004-09-01T00:00:00.000Z
2004-09-01T00:00:00.000Z,3045,117800,5442,393069,2004-09-01T00:00:00.000Z,2004-10-01T00:00:00.000Z
2004-10-01T00:00:00.000Z,14815,132874,1177,427080,2004-10-01T00:00:00.000Z,2004-11-01T00:00:00.000Z
2004-11-01T00:00:00.000Z,56029,171808,3129,509349,2004-11-01T00:00:00.000Z,2004-12-01T00:00:00.000Z
2004-12-01T00:00:00.000Z,30401,183028,15677,484933,2004-12-01T00:00:00.000Z,2005-01-01T00:00:00.000Z
2005-01-01T00:00:00.000Z,1575,178615,3022,426240,2005-01-01T00:00:00.000Z,2005-02-01T00:00:00.000Z
2005-02-01T00:00:00.000Z,1707,173291,1343,419600,2005-02-01T00:00:00.000Z,2005-03-01T00:00:00.000Z
2005-03-01T00:00:00.000Z,8380,218422,1601,546827,2005-03-01T00:00:00.000Z,2005-04-01T00:00:00.000Z
2005-04-01T00:00:00.000Z,27510,298337,4522,666682,2005-04-01T00:00:00.000Z,2005-05-01T00:00:00.000Z
2005-05-01T00:00:00.000Z,22979,329890,4000,693211,2005-05-01T00:00:00.000Z,2005-06-01T00:00:00.000Z
2005-06-01T00:00:00.000Z,10824,361688,9924,768947,2005-06-01T00:00:00.000Z,2005-07-01T00:00:00.000Z
2005-07-01T00:00:00.000Z,14145,441861,11422,913185,2005-07-01T00:00:00.000Z,2005-08-01T00:00:00.000Z
2005-08-01T00:00:00.000Z,22693,479328,4516,966950,2005-08-01T00:00:00.000Z,2005-09-01T00:00:00.000Z
2005-09-01T00:00:00.000Z,50999,471435,13643,871096,2005-09-01T00:00:00.000Z,2005-10-01T00:00:00.000Z
2005-10-01T00:00:00.000Z,44027,629794,12113,1018967,2005-10-01T00:00:00.000Z,2005-11-01T00:00:00.000Z
2005-11-01T00:00:00.000Z,98566,677623,10952,1032426,2005-11-01T00:00:00.000Z,2005-12-01T00:00:00.000Z
2005-12-01T00:00:00.000Z,55856,805261,6982,1531972,2005-12-01T00:00:00.000Z,2006-01-01T00:00:00.000Z
2006-01-01T00:00:00.000Z,79089,878349,8472,1732155,2006-01-01T00:00:00.000Z,2006-02-01T00:00:00.000Z
2006-02-01T00:00:00.000Z,52589,808625,9370,1705372,2006-02-01T00:00:00.000Z,2006-03-01T00:00:00.000Z
2006-03-01T00:00:00.000Z,242578,917245,14999,1850878,2006-03-01T00:00:00.000Z,2006-04-01T00:00:00.000Z
2006-04-01T00:00:00.000Z,140564,950453,14311,1819355,2006-04-01T00:00:00.000Z,2006-05-01T00:00:00.000Z
2006-05-01T00:00:00.000Z,132628,1117467,37962,2085315,2006-05-01T00:00:00.000Z,2006-06-01T00:00:00.000Z
2006-06-01T00:00:00.000Z,119369,1024371,36496,2117343,2006-06-01T00:00:00.000Z,2006-07-01T00:00:00.000Z
2006-07-01T00:00:00.000Z,158050,1033722,36504,2218142,2006-07-01T00:00:00.000Z,2006-08-01T00:00:00.000Z
2006-08-01T00:00:00.000Z,181600,1119482,52188,2434417,2006-08-01T00:00:00.000Z,2006-09-01T00:00:00.000Z
2006-09-01T00:00:00.000Z,133428,1162476,41452,2258861,2006-09-01T00:00:00.000Z,2006-10-01T00:00:00.000Z
2006-10-01T00:00:00.000Z,169154,1339501,24537,2407214,2006-10-01T00:00:00.000Z,2006-11-01T00:00:00.000Z
2006-11-01T00:00:00.000Z,145541,1408650,30317,2479506,2006-11-01T00:00:00.000Z,2006-12-01T00:00:00.000Z
2006-12-01T00:00:00.000Z,167856,1318896,41255,2516005,2006-12-01T00:00:00.000Z,2007-01-01T00:00:00.000Z
2007-01-01T00:00:00.000Z,168290,1486136,51582,2743917,2007-01-01T00:00:00.000Z,2007-02-01T00:00:00.000Z
2007-02-01T00:00:00.000Z,166272,1467147,89525,2629810,2007-02-01T00:00:00.000Z,2007-03-01T00:00:00.000Z
2007-03-01T00:00:00.000Z,189667,1638008,57171,2858237,2007-03-01T00:00:00.000Z,2007-04-01T00:00:00.000Z
2007-04-01T00:00:00.000Z,203447,1593944,69195,2784510,2007-04-01T00:00:00.000Z,2007-05-01T00:00:00.000Z
2007-05-01T00:00:00.000Z,164579,1604280,68196,2796268,2007-05-01T00:00:00.000Z,2007-06-01T00:00:00.000Z
2007-06-01T00:00:00.000Z,179249,1328628,64991,2515752,2007-06-01T00:00:00.000Z,2007-07-01T00:00:00.000Z
2007-07-01T00:00:00.000Z,188864,1293714,29784,2604398,2007-07-01T00:00:00.000Z,2007-08-01T00:00:00.000Z
2007-08-01T00:00:00.000Z,223022,1268279,46177,2500739,2007-08-01T00:00:00.000Z,2007-09-01T00:00:00.000Z
2007-09-01T00:00:00.000Z,248092,1361482,78185,2414489,2007-09-01T00:00:00.000Z,2007-10-01T00:00:00.000Z
2007-10-01T00:00:00.000Z,325262,1496259,96096,2496141,2007-10-01T00:00:00.000Z,2007-11-01T00:00:00.000Z
2007-11-01T00:00:00.000Z,223674,1358729,147318,2371783,2007-11-01T00:00:00.000Z,2007-12-01T00:00:00.000Z
2007-12-01T00:00:00.000Z,283339,1234264,185967,2297481,2007-12-01T00:00:00.000Z,2008-01-01T00:00:00.000Z
2008-01-01T00:00:00.000Z,206399,1404437,66859,2561139,2008-01-01T00:00:00.000Z,2008-02-01T00:00:00.000Z
2008-02-01T00:00:00.000Z,274873,1386501,40244,2452093,2008-02-01T00:00:00.000Z,2008-03-01T00:00:00.000Z
2008-03-01T00:00:00.000Z,460223,1478817,94634,2677850,2008-03-01T00:00:00.000Z,2008-04-01T00:00:00.000Z
2008-04-01T00:00:00.000Z,231154,1449768,42562,2568653,2008-04-01T00:00:00.000Z,2008-05-01T00:00:00.000Z
2008-05-01T00:00:00.000Z,269090,1431946,67037,2522596,2008-05-01T00:00:00.000Z,2008-06-01T00:00:00.000Z
2008-06-01T00:00:00.000Z,328308,1255444,68736,2365384,2008-06-01T00:00:00.000Z,2008-07-01T00:00:00.000Z
2008-07-01T00:00:00.000Z,255097,1226548,87270,2464733,2008-07-01T00:00:00.000Z,2008-08-01T00:00:00.000Z
2008-08-01T00:00:00.000Z,297547,1242151,65432,2496028,2008-08-01T00:00:00.000Z,2008-09-01T00:00:00.000Z
2008-09-01T00:00:00.000Z,413404,1339088,124315,2462787,2008-09-01T00:00:00.000Z,2008-10-01T00:00:00.000Z
2008-10-01T00:00:00.000Z,322146,1449349,146204,2578363,2008-10-01T00:00:00.000Z,2008-11-01T00:00:00.000Z
2008-11-01T00:00:00.000Z,288460,1290483,128584,2323568,2008-11-01T00:00:00.000Z,2008-12-01T00:00:00.000Z
2008-12-01T00:00:00.000Z,274701,1199615,134475,2341372,2008-12-01T00:00:00.000Z,2009-01-01T00:00:00.000Z
2009-01-01T00:00:00.000Z,264635,1353870,116120,2512726,2009-01-01T00:00:00.000Z,2009-02-01T00:00:00.000Z
2009-02-01T00:00:00.000Z,191966,1322755,254452,2312132,2009-02-01T00:00:00.000Z,2009-03-01T00:00:00.000Z
2009-03-01T00:00:00.000Z,216896,1407892,143014,2542270,2009-03-01T00:00:00.000Z,2009-04-01T00:00:00.000Z
2009-04-01T00:00:00.000Z,219289,1269872,85600,2379856,2009-04-01T00:00:00.000Z,2009-05-01T00:00:00.000Z
2009-05-01T00:00:00.000Z,351877,1274656,73069,2501807,2009-05-01T00:00:00.000Z,2009-06-01T00:00:00.000Z
2009-06-01T00:00:00.000Z,253970,1172596,100320,2326587,2009-06-01T00:00:00.000Z,2009-07-01T00:00:00.000Z
2009-07-01T00:00:00.000Z,229427,1115747,67434,2312123,2009-07-01T00:00:00.000Z,2009-08-01T00:00:00.000Z
2009-08-01T00:00:00.000Z,263213,1113867,66435,2362817,2009-08-01T00:00:00.000Z,2009-09-01T00:00:00.000Z
2009-09-01T00:00:00.000Z,329512,1154882,116418,2296135,2009-09-01T00:00:00.000Z,2009-10-01T00:00:00.000Z
2009-10-01T00:00:00.000Z,221449,1242702,102774,2326659,2009-10-01T00:00:00.000Z,2009-11-01T00:00:00.000Z
2009-11-01T00:00:00.000Z,236487,1192481,105702,2297267,2009-11-01T00:00:00.000Z,2009-12-01T00:00:00.000Z
2009-12-01T00:00:00.000Z,817058,1103374,127070,2245364,2009-12-01T00:00:00.000Z,2010-01-01T00:00:00.000Z
2010-01-01T00:00:00.000Z,161008,1240631,99880,2370497,2010-01-01T00:00:00.000Z,2010-02-01T00:00:00.000Z
2010-02-01T00:00:00.000Z,141903,1189456,248931,2219400,2010-02-01T00:00:00.000Z,2010-03-01T00:00:00.000Z
2010-03-01T00:00:00.000Z,142230,1273998,208075,2407873,2010-03-01T00:00:00.000Z,2010-04-01T00:00:00.000Z
2010-04-01T00:00:00.000Z,190369,1240729,208831,2306430,2010-04-01T00:00:00.000Z,2010-05-01T00:00:00.000Z
2010-05-01T00:00:00.000Z,174425,1215935,266471,2335459,2010-05-01T00:00:00.000Z,2010-06-01T00:00:00.000Z
2010-06-01T00:00:00.000Z,357903,1049313,301417,2144827,2010-06-01T00:00:00.000Z,2010-07-01T00:00:00.000Z
2010-07-01T00:00:00.000Z,153081,1054533,175945,2183473,2010-07-01T00:00:00.000Z,2010-08-01T00:00:00.000Z
2010-08-01T00:00:00.000Z,205141,1067913,204580,2292088,2010-08-01T00:00:00.000Z,2010-09-01T00:00:00.000Z
2010-09-01T00:00:00.000Z,186689,1087240,348254,2240045,2010-09-01T00:00:00.000Z,2010-10-01T00:00:00.000Z
2010-10-01T00:00:00.000Z,160954,1151390,497143,2227752,2010-10-01T00:00:00.000Z,2010-11-01T00:00:00.000Z
2010-11-01T00:00:00.000Z,141899,1084148,454816,2130646,2010-11-01T00:00:00.000Z,2010-12-01T00:00:00.000Z
2010-12-01T00:00:00.000Z,120271,1034720,419385,2028799,2010-12-01T00:00:00.000Z,2011-01-01T00:00:00.000Z
2011-01-01T00:00:00.000Z,137330,1177709,365500,2290785,2011-01-01T00:00:00.000Z,2011-02-01T00:00:00.000Z
2011-02-01T00:00:00.000Z,129097,986060,235094,2088725,2011-02-01T00:00:00.000Z,2011-03-01T00:00:00.000Z
2011-03-01T00:00:00.000Z,148352,981510,199615,2170515,2011-03-01T00:00:00.000Z,2011-04-01T00:00:00.000Z
2011-04-01T00:00:00.000Z,212486,930031,283907,2055719,2011-04-01T00:00:00.000Z,2011-05-01T00:00:00.000Z
2011-05-01T00:00:00.000Z,150864,938016,224686,2111430,2011-05-01T00:00:00.000Z,2011-06-01T00:00:00.000Z
2011-06-01T00:00:00.000Z,168083,912093,325789,2070973,2011-06-01T00:00:00.000Z,2011-07-01T00:00:00.000Z
2011-07-01T00:00:00.000Z,161459,895036,356825,2110081,2011-07-01T00:00:00.000Z,2011-08-01T00:00:00.000Z
2011-08-01T00:00:00.000Z,168893,918312,180726,2119091,2011-08-01T00:00:00.000Z,2011-09-01T00:00:00.000Z
2011-09-01T00:00:00.000Z,94002,878851,385475,2012744,2011-09-01T00:00:00.000Z,2011-10-01T00:00:00.000Z
2011-10-01T00:00:00.000Z,125183,941750,220696,2033110,2011-10-01T00:00:00.000Z,2011-11-01T00:00:00.000Z
2011-11-01T00:00:00.000Z,97524,931399,184390,2043903,2011-11-01T00:00:00.000Z,2011-12-01T00:00:00.000Z
2011-12-01T00:00:00.000Z,116984,875749,252090,2025235,2011-12-01T00:00:00.000Z,2012-01-01T00:00:00.000Z
2012-01-01T00:00:00.000Z,130895,940557,329119,2183397,2012-01-01T00:00:00.000Z,2012-02-01T00:00:00.000Z
2012-02-01T00:00:00.000Z,122927,913163,289110,2024101,2012-02-01T00:00:00.000Z,2012-03-01T00:00:00.000Z
2012-03-01T00:00:00.000Z,119175,934689,318316,2076806,2012-03-01T00:00:00.000Z,2012-04-01T00:00:00.000Z
2012-04-01T00:00:00.000Z,105044,905979,213983,2070475,2012-04-01T00:00:00.000Z,2012-05-01T00:00:00.000Z
2012-05-01T00:00:00.000Z,95462,918427,434234,2104600,2012-05-01T00:00:00.000Z,2012-06-01T00:00:00.000Z
2012-06-01T00:00:00.000Z,101070,830920,218406,2031349,2012-06-01T00:00:00.000Z,2012-07-01T00:00:00.000Z
2012-07-01T00:00:00.000Z,92134,854517,298520,2091118,2012-07-01T00:00:00.000Z,2012-08-01T00:00:00.000Z
2012-08-01T00:00:00.000Z,92272,871709,276902,2157545,2012-08-01T00:00:00.000Z,2012-09-01T00:00:00.000Z
2012-09-01T00:00:00.000Z,96129,832092,206391,1964827,2012-09-01T00:00:00.000Z,2012-10-01T00:00:00.000Z
2012-10-01T00:00:00.000Z,136259,908849,297248,2064258,2012-10-01T00:00:00.000Z,2012-11-01T00:00:00.000Z
2012-11-01T00:00:00.000Z,103358,861435,467270,1962200,2012-11-01T00:00:00.000Z,2012-12-01T00:00:00.000Z
2012-12-01T00:00:00.000Z,154711,820383,296754,2037280,2012-12-01T00:00:00.000Z,2013-01-01T00:00:00.000Z
2013-01-01T00:00:00.000Z,179149,897932,318278,2132791,2013-01-01T00:00:00.000Z,2013-02-01T00:00:00.000Z
2013-02-01T00:00:00.000Z,110835,813049,983083,1942805,2013-02-01T00:00:00.000Z,2013-03-01T00:00:00.000Z
2013-03-01T00:00:00.000Z,43602,865435,1732717,2051418,2013-03-01T00:00:00.000Z,2013-04-01T00:00:00.000Z
2013-04-01T00:00:00.000Z,56146,855366,258321,2091007,2013-04-01T00:00:00.000Z,2013-05-01T00:00:00.000Z
2013-05-01T00:00:00.000Z,13068,932270,169707,2053428,2013-05-01T00:00:00.000Z,2013-06-01T00:00:00.000Z
2013-06-01T00:00:00.000Z,6320,843795,166399,1974484,2013-06-01T00:00:00.000Z,2013-07-01T00:00:00.000Z
2013-07-01T00:00:00.000Z,9020,757874,114411,1933180,2013-07-01T00:00:00.000Z,2013-08-01T00:00:00.000Z
2013-08-01T00:00:00.000Z,41230,703648,182054,1928447,2013-08-01T00:00:00.000Z,2013-09-01T00:00:00.000Z
2013-09-01T00:00:00.000Z,17240,705612,214564,1820814,2013-09-01T00:00:00.000Z,2013-10-01T00:00:00.000Z
2013-10-01T00:00:00.000Z,10638,820785,176371,1956589,2013-10-01T00:00:00.000Z,2013-11-01T00:00:00.000Z
2013-11-01T00:00:00.000Z,8592,787934,147343,1922407,2013-11-01T00:00:00.000Z,2013-12-01T00:00:00.000Z
2013-12-01T00:00:00.000Z,12077,770928,155603,2060354,2013-12-01T00:00:00.000Z,2014-01-01T00:00:00.000Z
2014-01-01T00:00:00.000Z,27925,856662,232337,2065530,2014-01-01T00:00:00.000Z,2014-02-01T00:00:00.000Z
2014-02-01T00:00:00.000Z,25486,755139,151078,1874588,2014-02-01T00:00:00.000Z,2014-03-01T00:00:00.000Z
2014-03-01T00:00:00.000Z,15015,827954,180043,1991924,2014-03-01T00:00:00.000Z,2014-04-01T00:00:00.000Z
2014-04-01T00:00:00.000Z,16528,761943,234698,1902994,2014-04-01T00:00:00.000Z,2014-05-01T00:00:00.000Z
2014-05-01T00:00:00.000Z,8934,733710,196807,1993022,2014-05-01T00:00:00.000Z,2014-06-01T00:00:00.000Z
2014-06-01T00:00:00.000Z,15497,666339,183735,1843727,2014-06-01T00:00:00.000Z,2014-07-01T00:00:00.000Z
2014-07-01T00:00:00.000Z,12792,648459,229983,1912279,2014-07-01T00:00:00.000Z,2014-08-01T00:00:00.000Z
2014-08-01T00:00:00.000Z,14351,682314,161480,1998892,2014-08-01T00:00:00.000Z,2014-09-01T00:00:00.000Z
2014-09-01T00:00:00.000Z,17619,663358,208494,1834256,2014-09-01T00:00:00.000Z,2014-10-01T00:00:00.000Z
2014-10-01T00:00:00.000Z,25106,706210,114532,1884511,2014-10-01T00:00:00.000Z,2014-11-01T00:00:00.000Z
2014-11-01T00:00:00.000Z,20619,687160,180405,1873325,2014-11-01T00:00:00.000Z,2014-12-01T00:00:00.000Z
2014-12-01T00:00:00.000Z,17009,676526,179988,1934285,2014-12-01T00:00:00.000Z,2015-01-01T00:00:00.000Z
2015-01-01T00:00:00.000Z,25281,735422,157297,2118377,2015-01-01T00:00:00.000Z,2015-02-01T00:00:00.000Z
2015-02-01T00:00:00.000Z,25591,675193,156817,1929156,2015-02-01T00:00:00.000Z,2015-03-01T00:00:00.000Z
2015-03-01T00:00:00.000Z,28516,738701,126444,2167237,2015-03-01T00:00:00.000Z,2015-04-01T00:00:00.000Z
2015-04-01T00:00:00.000Z,28296,779780,313172,1996809,2015-04-01T00:00:00.000Z,2015-05-01T00:00:00.000Z
2015-05-01T00:00:00.000Z,28754,814184,330989,2084130,2015-05-01T00:00:00.000Z,2015-06-01T00:00:00.000Z
2015-06-01T00:00:00.000Z,18748,794684,218123,2055760,2015-06-01T00:00:00.000Z,2015-07-01T00:00:00.000Z
2015-07-01T00:00:00.000Z,26757,830223,106683,2135880,2015-07-01T00:00:00.000Z,2015-08-01T00:00:00.000Z
2015-08-01T00:00:00.000Z,23875,827581,192911,2246705,2015-08-01T00:00:00.000Z,2015-09-01T00:00:00.000Z
2015-09-01T00:00:00.000Z,48053,822148,155082,2089529,2015-09-01T00:00:00.000Z,2015-10-01T00:00:00.000Z
2015-10-01T00:00:00.000Z,24306,851909,152646,2138593,2015-10-01T00:00:00.000Z,2015-11-01T00:00:00.000Z
2015-11-01T00:00:00.000Z,27956,814962,95558,2112460,2015-11-01T00:00:00.000Z,2015-12-01T00:00:00.000Z
2015-12-01T00:00:00.000Z,17436,777488,131041,2091782,2015-12-01T00:00:00.000Z,2016-01-01T00:00:00.000Z
2016-01-01T00:00:00.000Z,31953,889883,162266,2291346,2016-01-01T00:00:00.000Z,2016-02-01T00:00:00.000Z
2016-02-01T00:00:00.000Z,40240,830493,369497,2120173,2016-02-01T00:00:00.000Z,2016-03-01T00:00:00.000Z
2016-03-01T00:00:00.000Z,86999,831082,450924,2171279,2016-03-01T00:00:00.000Z,2016-04-01T00:00:00.000Z
2016-04-01T00:00:00.000Z,32904,801763,389933,2123562,2016-04-01T00:00:00.000Z,2016-05-01T00:00:00.000Z
2016-05-01T00:00:00.000Z,52825,821816,384042,2265099,2016-05-01T00:00:00.000Z,2016-06-01T00:00:00.000Z
2016-06-01T00:00:00.000Z,14580,760229,343345,2130191,2016-06-01T00:00:00.000Z,2016-07-01T00:00:00.000Z
2016-07-01T00:00:00.000Z,14627,766105,221654,2193809,2016-07-01T00:00:00.000Z,2016-08-01T00:00:00.000Z
2016-08-01T00:00:00.000Z,13403,808053,184561,2275354,2016-08-01T00:00:00.000Z,2016-09-01T00:00:00.000Z
2016-09-01T00:00:00.000Z,9639,795993,463502,2107524,2016-09-01T00:00:00.000Z,2016-10-01T00:00:00.000Z
2016-10-01T00:00:00.000Z,11928,839857,528552,2158560,2016-10-01T00:00:00.000Z,2016-11-01T00:00:00.000Z
2016-11-01T00:00:00.000Z,15131,811030,553375,2108453,2016-11-01T00:00:00.000Z,2016-12-01T00:00:00.000Z
2016-12-01T00:00:00.000Z,22550,802808,424690,2215005,2016-12-01T00:00:00.000Z,2017-01-01T00:00:00.000Z
2017-01-01T00:00:00.000Z,62763,853475,288050,2318588,2017-01-01T00:00:00.000Z,2017-02-01T00:00:00.000Z
2017-02-01T00:00:00.000Z,72128,765556,332782,2105413,2017-02-01T00:00:00.000Z,2017-03-01T00:00:00.000Z
2017-03-01T00:00:00.000Z,1225,847356,491321,2364662,2017-03-01T00:00:00.000Z,2017-04-01T00:00:00.000Z
2017-04-01T00:00:00.000Z,3202,773539,282925,2262220,2017-04-01T00:00:00.000Z,2017-05-01T00:00:00.000Z
2017-05-01T00:00:00.000Z,1374,792097,367090,2268019,2017-05-01T00:00:00.000Z,2017-06-01T00:00:00.000Z
2017-06-01T00:00:00.000Z,1393,742992,532209,2371512,2017-06-01T00:00:00.000Z,2017-07-01T00:00:00.000Z
2017-07-01T00:00:00.000Z,1494,756765,351721,2220383,2017-07-01T00:00:00.000Z,2017-08-01T00:00:00.000Z
2017-08-01T00:00:00.000Z,1604,773580,389711,2198772,2017-08-01T00:00:00.000Z,2017-09-01T00:00:00.000Z
2017-09-01T00:00:00.000Z,1219,731796,433379,2147630,2017-09-01T00:00:00.000Z,2017-10-01T00:00:00.000Z
2017-10-01T00:00:00.000Z,1446,801883,264700,2180046,2017-10-01T00:00:00.000Z,2017-11-01T00:00:00.000Z
2017-11-01T00:00:00.000Z,1577,783126,315700,2181527,2017-11-01T00:00:00.000Z,2017-12-01T00:00:00.000Z
2017-12-01T00:00:00.000Z,4632,746165,468233,2122509,2017-12-01T00:00:00.000Z,2018-01-01T00:00:00.000Z
2018-01-01T00:00:00.000Z,1432,822200,312965,2463150,2018-01-01T00:00:00.000Z,2018-02-01T00:00:00.000Z
2018-02-01T00:00:00.000Z,1103,724164,273193,2380809,2018-02-01T00:00:00.000Z,2018-03-01T00:00:00.000Z
2018-03-01T00:00:00.000Z,1365,801789,475612,2405003,2018-03-01T00:00:00.000Z,2018-04-01T00:00:00.000Z
2018-04-01T00:00:00.000Z,754,749124,293755,2407262,2018-04-01T00:00:00.000Z,2018-05-01T00:00:00.000Z
2018-05-01T00:00:00.000Z,708,760433,292776,2271302,2018-05-01T00:00:00.000Z,2018-06-01T00:00:00.000Z
2018-06-01T00:00:00.000Z,9452,703215,280280,2078425,2018-06-01T00:00:00.000Z,2018-07-01T00:00:00.000Z
2018-07-01T00:00:00.000Z,1187,715657,273230,2228829,2018-07-01T00:00:00.000Z,2018-08-01T00:00:00.000Z
2018-08-01T00:00:00.000Z,42463,730956,133652,2214740,2018-08-01T00:00:00.000Z,2018-09-01T00:00:00.000Z
2018-09-01T00:00:00.000Z,971,694256,198878,2108865,2018-09-01T00:00:00.000Z,2018-10-01T00:00:00.000Z
2018-10-01T00:00:00.000Z,1210,756244,254333,2248497,2018-10-01T00:00:00.000Z,2018-11-01T00:00:00.000Z
2018-11-01T00:00:00.000Z,1344,737210,211771,2217853,2018-11-01T00:00:00.000Z,2018-12-01T00:00:00.000Z
2018-12-01T00:00:00.000Z,1745,721397,231401,2272272,2018-12-01T00:00:00.000Z,2019-01-01T00:00:00.000Z
2019-01-01T00:00:00.000Z,7071,800363,200991,2427520,2019-01-01T00:00:00.000Z,2019-02-01T00:00:00.000Z
2019-02-01T00:00:00.000Z,1986,709170,167141,2121008,2019-02-01T00:00:00.000Z,2019-03-01T00:00:00.000Z
2019-03-01T00:00:00.000Z,5551,761380,160410,2330237,2019-03-01T00:00:00.000Z,2019-04-01T00:00:00.000Z
2019-04-01T00:00:00.000Z,6848,732432,160772,2199433,2019-04-01T00:00:00.000Z,2019-05-01T00:00:00.000Z
2019-05-01T00:00:00.000Z,1045,749606,241623,2249183,2019-05-01T00:00:00.000Z,2019-06-01T00:00:00.000Z
2019-06-01T00:00:00.000Z,919,696596,280274,2243844,2019-06-01T00:00:00.000Z,2019-07-01T00:00:00.000Z
2019-07-01T00:00:00.000Z,131,730600,270949,2204675,2019-07-01T00:00:00.000Z,2019-08-01T00:00:00.000Z
2019-08-01T00:00:00.000Z,115,738749,257174,2264982,2019-08-01T00:00:00.000Z,2019-09-01T00:00:00.000Z
2019-09-01T00:00:00.000Z,334,714385,1036761,2318450,2019-09-01T00:00:00.000Z,2019-10-01T00:00:00.000Z
2019-10-01T00:00:00.000Z,326,771280,342084,2394244,2019-10-01T00:00:00.000Z,2019-11-01T00:00:00.000Z
2019-11-01T00:00:00.000Z,441,724380,248817,2227429,2019-11-01T00:00:00.000Z,2019-12-01T00:00:00.000Z
2019-12-01T00:00:00.000Z,624,696157,414455,2280715,2019-12-01T00:00:00.000Z,2020-01-01T00:00:00.000Z
2020-01-01T00:00:00.000Z,580,757215,409204,2452544,2020-01-01T00:00:00.000Z,2020-02-01T00:00:00.000Z
2020-02-01T00:00:00.000Z,373,702642,290574,2300341,2020-02-01T00:00:00.000Z,2020-03-01T00:00:00.000Z
2020-03-01T00:00:00.000Z,1202,682343,302613,2504294,2020-03-01T00:00:00.000Z,2020-04-01T00:00:00.000Z
2020-04-01T00:00:00.000Z,1370,697535,482634,2650119,2020-04-01T00:00:00.000Z,2020-05-01T00:00:00.000Z
2020-05-01T00:00:00.000Z,2016,744297,452081,2848236,2020-05-01T00:00:00.000Z,2020-06-01T00:00:00.000Z
2020-06-01T00:00:00.000Z,1872,697527,422399,2499877,2020-06-01T00:00:00.000Z,2020-07-01T00:00:00.000Z
2020-07-01T00:00:00.000Z,1378,736438,226929,2533957,2020-07-01T00:00:00.000Z,2020-08-01T00:00:00.000Z
2020-08-01T00:00:00.000Z,1623,729413,268450,2599543,2020-08-01T00:00:00.000Z,2020-09-01T00:00:00.000Z
2020-09-01T00:00:00.000Z,1429,709585,233778,2420063,2020-09-01T00:00:00.000Z,2020-10-01T00:00:00.000Z
2020-10-01T00:00:00.000Z,1315,767960,383752,2475760,2020-10-01T00:00:00.000Z,2020-11-01T00:00:00.000Z
2020-11-01T00:00:00.000Z,1386,718659,448140,2420623,2020-11-01T00:00:00.000Z,2020-12-01T00:00:00.000Z
2020-12-01T00:00:00.000Z,1074,711644,924138,2630040,2020-12-01T00:00:00.000Z,2021-01-01T00:00:00.000Z
2021-01-01T00:00:00.000Z,948,787195,1034732,2853931,2021-01-01T00:00:00.000Z,2021-02-01T00:00:00.000Z
2021-02-01T00:00:00.000Z,674,725014,355481,2476304,2021-02-01T00:00:00.000Z,2021-03-01T00:00:00.000Z
2021-03-01T00:00:00.000Z,948,769022,451321,2736989,2021-03-01T00:00:00.000Z,2021-04-01T00:00:00.000Z
2021-04-01T00:00:00.000Z,1352,712710,391366,2588569,2021-04-01T00:00:00.000Z,2021-05-01T00:00:00.000Z
2021-05-01T00:00:00.000Z,1230,767367,354929,2677285,2021-05-01T00:00:00.000Z,2021-06-01T00:00:00.000Z
2021-06-01T00:00:00.000Z,1340,699255,263471,2479079,2021-06-01T00:00:00.000Z,2021-07-01T00:00:00.000Z
2021-07-01T00:00:00.000Z,1198,702760,314632,2540929,2021-07-01T00:00:00.000Z,2021-08-01T00:00:00.000Z
2021-08-01T00:00:00.000Z,1311,698098,272165,2514475,2021-08-01T00:00:00.000Z,2021-09-01T00:00:00.000Z
2021-09-01T00:00:00.000Z,1069,687569,268575,2461461,2021-09-01T00:00:00.000Z,2021-10-01T00:00:00.000Z
2021-10-01T00:00:00.000Z,1077,697664,260671,2614462,2021-10-01T00:00:00.000Z,2021-11-01T00:00:00.000Z
2021-11-01T00:00:00.000Z,1029,660061,296690,2461098,2021-11-01T00:00:00.000Z,2021-12-01T00:00:00.000Z
2021-12-01T00:00:00.000Z,1000,643299,335939,2499945,2021-12-01T00:00:00.000Z,2022-01-01T00:00:00.000Z
2022-01-01T00:00:00.000Z,1302,718198,497800,2671167,2022-01-01T00:00:00.000Z,2022-02-01T00:00:00.000Z
2022-02-01T00:00:00.000Z,1165,624941,264456,2440874,2022-02-01T00:00:00.000Z,2022-03-01T00:00:00.000Z
2022-03-01T00:00:00.000Z,14564,654362,268034,2611634,2022-03-01T00:00:00.000Z,2022-04-01T00:00:00.000Z
2022-04-01T00:00:00.000Z,2694,608143,191344,2607172,2022-04-01T00:00:00.000Z,2022-05-01T00:00:00.000Z
2022-05-01T00:00:00.000Z,373,630464,204323,2607353,2022-05-01T00:00:00.000Z,2022-06-01T00:00:00.000Z
2022-06-01T00:00:00.000Z,1210,605301,375203,2413767,2022-06-01T00:00:00.000Z,2022-07-01T00:00:00.000Z
2022-07-01T00:00:00.000Z,830,617589,227112,2577942,2022-07-01T00:00:00.000Z,2022-08-01T00:00:00.000Z
2022-08-01T00:00:00.000Z,1021,620449,336212,2521986,2022-08-01T00:00:00.000Z,2022-09-01T00:00:00.000Z
2022-09-01T00:00:00.000Z,3044,608810,195805,2466073,2022-09-01T00:00:00.000Z,2022-10-01T00:00:00.000Z
2022-10-01T00:00:00.000Z,878,659979,230397,2474287,2022-10-01T00:00:00.000Z,2022-11-01T00:00:00.000Z
2022-11-01T00:00:00.000Z,1168,620267,191550,2361135,2022-11-01T00:00:00.000Z,2022-12-01T00:00:00.000Z
2022-12-01T00:00:00.000Z,534,623588,166952,2336318,2022-12-01T00:00:00.000Z,2023-01-01T00:00:00.000Z
2023-01-01T00:00:00.000Z,187,671543,329076,2521867,2023-01-01T00:00:00.000Z,2023-02-01T00:00:00.000Z
2023-02-01T00:00:00.000Z,177,577234,302709,2275641,2023-02-01T00:00:00.000Z,2023-03-01T00:00:00.000Z
2023-03-01T00:00:00.000Z,222,639744,423584,2452629,2023-03-01T00:00:00.000Z,2023-04-01T00:00:00.000Z
2023-04-01T00:00:00.000Z,157,585175,298125,2454036,2023-04-01T00:00:00.000Z,2023-05-01T00:00:00.000Z
2023-05-01T00:00:00.000Z,194,604069,725068,2487240,2023-05-01T00:00:00.000Z,2023-06-01T00:00:00.000Z
2023-06-01T00:00:00.000Z,179,577002,256268,2421022,2023-06-01T00:00:00.000Z,2023-07-01T00:00:00.000Z
2023-07-01T00:00:00.000Z,142,606070,479950,2619515,2023-07-01T00:00:00.000Z,2023-08-01T00:00:00.000Z